{
    "model_params": {
        "threshold": 0.05837571787591716,
        "slope": 6.7082922718644795,
        "beta": 0.6703615532512789,
        "dropout_rate1": 0.3867650737818362,
        "dropout_rate2": 0.2650897828875425
    },
    "optimizer_params": {
        "lr": 6.82947151662786e-05,
        "weight_decay": 3.48210294726769e-06,
        "scheduler_factor": 0.3434576235217472,
        "scheduler_patience": 10
    },
    "encoder_params": {
        "max_window": 11,
        "n_max": 9,
        "t_max": 1,
        "t_min": 0
    }
}