fold,test_loss,test_acc,test_precision,test_recall,test_f1,test_mse,test_total_spikes
0,8.654949188232422,0.824701189994812,0.8614076375961304,0.7848097085952759,0.8212310671806335,0.175298810005188,30599.126953125
1,9.37942886352539,0.791832685470581,0.7560225129127502,0.8731192946434021,0.8103490471839905,0.20816732943058014,31216.501953125
2,8.991779327392578,0.8087649345397949,0.7877421975135803,0.8357101082801819,0.8107553720474243,0.19123506546020508,30944.693359375
3,8.99812126159668,0.8265204429626465,0.8361465930938721,0.8199808597564697,0.8277279734611511,0.17347955703735352,30728.173828125
4,9.90990924835205,0.7926221489906311,0.7551833987236023,0.8375606536865234,0.7941063046455383,0.2073778659105301,30505.66796875
