fold,test_loss,test_acc,test_precision,test_recall,test_f1,test_mse,test_total_spikes
0,18.606788635253906,0.8147410154342651,0.8769487738609314,0.7425384521484375,0.8039454817771912,0.18525896966457367,83621.3671875
1,27.870332717895508,0.6653386354446411,0.6154952645301819,0.9159647226333618,0.7357602119445801,0.3346613645553589,85018.2734375
2,17.37147331237793,0.8137450218200684,0.8587818145751953,0.7373259663581848,0.7917262315750122,0.18625497817993164,84486.828125
3,22.898555755615234,0.7507477402687073,0.7208443284034729,0.8317094445228577,0.77142733335495,0.24925224483013153,83988.203125
4,24.23027992248535,0.7098703980445862,0.7009126543998718,0.680314838886261,0.6899381279945374,0.2901296019554138,83335.9375
