fold,test_loss,test_acc,test_precision,test_recall,test_f1,test_mse,test_total_spikes
0,11.052765846252441,0.7430278658866882,0.7218834757804871,0.8116928935050964,0.7641463279724121,0.2569721043109894,29705.9140625
1,21.901409149169922,0.5756971836090088,0.5475660562515259,0.9550352692604065,0.6959778666496277,0.4243027865886688,30284.90234375
2,9.306674003601074,0.8017928004264832,0.7747066020965576,0.8421683311462402,0.8069777488708496,0.19820716977119446,30050.94140625
3,9.477697372436523,0.7976071834564209,0.7902271151542664,0.81961989402771,0.8045693039894104,0.2023928165435791,29847.306640625
4,9.312493324279785,0.8065802454948425,0.8048060536384583,0.7853487730026245,0.7948448061943054,0.19341973960399628,29625.630859375
