{
    "model_params": {
        "threshold": 0.22776465171554555,
        "slope": 6.367488678196823,
        "beta": 0.8307034883123766,
        "dropout_rate1": 0.6202477444342565,
        "dropout_rate2": 0.7751872803206081
    },
    "optimizer_params": {
        "lr": 9.583408970653871e-05,
        "weight_decay": 9.6928385583569e-06,
        "scheduler_factor": 0.3489099866933747,
        "scheduler_patience": 5
    },
    "encoder_params": {
        "interval_freq": 8,
        "random_seed": 47
    }
}