{
    "model_params": {
        "threshold": 0.03902766113345001,
        "slope": 17.552435493611746,
        "beta": 0.7812036268223599,
        "dropout_rate1": 0.6594436587282106,
        "dropout_rate2": 0.5329070186087322
    },
    "optimizer_params": {
        "lr": 9.692118244469434e-05,
        "weight_decay": 8.169689585826335e-06,
        "scheduler_factor": 0.45049724199827434,
        "scheduler_patience": 9
    },
    "encoder_params": {
        "threshold": 0.18004645185409796
    }
}