{
    "model_params": {
        "threshold": 0.043919398650706404,
        "slope": 10.50493804185783,
        "beta": 0.8871877886982101,
        "dropout_rate1": 0.42902441176790485,
        "dropout_rate2": 0.10871506022527165
    },
    "optimizer_params": {
        "lr": 9.182800132489358e-05,
        "weight_decay": 3.0314735054464033e-06,
        "scheduler_factor": 0.2975191201261136,
        "scheduler_patience": 10
    },
    "encoder_params": {
        "threshold": 0.957310794127068
    }
}